player,team,url
William Saliba,Arsenal,/en/players/972aeb2a/William-Saliba
Declan Rice,Arsenal,/en/players/1c7012b8/Declan-Rice
Bukayo Saka,Arsenal,/en/players/bc7dc64d/Bukayo-Saka
Martin Ødegaard,Arsenal,/en/players/79300479/Martin-Odegaard
Ben White,Arsenal,/en/players/35e413f1/Ben-White
Gabriel Dos Santos,Arsenal,/en/players/67ac5bb8/Gabriel-Dos-Santos
Gabriel Martinelli,Arsenal,/en/players/48a5a5d6/Gabriel-Martinelli
David Raya,Arsenal,/en/players/98ea5115/David-Raya
Kai Havertz,Arsenal,/en/players/fed7cb61/Kai-Havertz
Oleksandr Zinchenko,Arsenal,/en/players/51cf8561/Oleksandr-Zinchenko
Gabriel Jesus,Arsenal,/en/players/b66315ae/Gabriel-Jesus
Eddie Nketiah,Arsenal,/en/players/a53649b7/Eddie-Nketiah
Leandro Trossard,Arsenal,/en/players/38ceb24a/Leandro-Trossard
Jakub Kiwior,Arsenal,/en/players/dc3e663e/Jakub-Kiwior
Jorginho,Arsenal,/en/players/45db685d/Jorginho
Takehiro Tomiyasu,Arsenal,/en/players/b3af9be1/Takehiro-Tomiyasu
Aaron Ramsdale,Arsenal,/en/players/466fb2c5/Aaron-Ramsdale
Thomas Partey,Arsenal,/en/players/529f49ab/Thomas-Partey
Fabio Vieira,Arsenal,/en/players/6412cc03/Fabio-Vieira
Emile Smith Rowe,Arsenal,/en/players/17695062/Emile-Smith-Rowe
Jurriën Timber,Arsenal,/en/players/41034650/Jurrien-Timber
Reiss Nelson,Arsenal,/en/players/c5bdb6e3/Reiss-Nelson
Cédric Soares,Arsenal,/en/players/839c14e1/Cedric-Soares
Mohamed Elneny,Arsenal,/en/players/47a34c4f/Mohamed-Elneny
Ethan Nwaneri,Arsenal,/en/players/7f94982c/Ethan-Nwaneri
Mauro Bandeira,Arsenal,/en/players/9b67eca8/Mauro-Bandeira
Bradley Ibrahim,Arsenal,/en/players/aaab4602/Bradley-Ibrahim
Karl Jakob Hein,Arsenal,/en/players/aa81d8f8/Karl-Jakob-Hein
Myles Lewis-Skelly,Arsenal,/en/players/5dff6c28/Myles-Lewis-Skelly
Charles Sagoe Jr,Arsenal,/en/players/187ab096/Charles-Sagoe-Jr
James Sweet,Arsenal,/en/players/d4632cfa/James-Sweet
Reuell Walters,Arsenal,/en/players/501ac0cc/Reuell-Walters
Ollie Watkins,Aston Villa,/en/players/aed3a70f/Ollie-Watkins
John McGinn,Aston Villa,/en/players/90f91999/John-McGinn
Emiliano Martínez,Aston Villa,/en/players/7956236f/Emiliano-Martinez
Douglas Luiz,Aston Villa,/en/players/6f7d826d/Douglas-Luiz
Ezri Konsa,Aston Villa,/en/players/0313a347/Ezri-Konsa
Matty Cash,Aston Villa,/en/players/2389cdc2/Matty-Cash
Boubacar Kamara,Aston Villa,/en/players/cc77354e/Boubacar-Kamara
Pau Torres,Aston Villa,/en/players/532e1e4f/Pau-Torres
Lucas Digne,Aston Villa,/en/players/1b84dbe1/Lucas-Digne
Moussa Diaby,Aston Villa,/en/players/aeed5c06/Moussa-Diaby
Leon Bailey,Aston Villa,/en/players/3a233281/Leon-Bailey
Diego Carlos,Aston Villa,/en/players/b4a014b1/Diego-Carlos
Clément Lenglet,Aston Villa,/en/players/4f28a6ff/Clement-Lenglet
Youri Tielemans,Aston Villa,/en/players/56f7a928/Youri-Tielemans
Álex Moreno,Aston Villa,/en/players/16e9d0ea/Alex-Moreno
Jacob Ramsey,Aston Villa,/en/players/1544f145/Jacob-Ramsey
Nicolò Zaniolo,Aston Villa,/en/players/9907b1c8/Nicolo-Zaniolo
Leander Dendoncker,Aston Villa,/en/players/5a7301ae/Leander-Dendoncker
Robin Olsen,Aston Villa,/en/players/e7ee38c3/Robin-Olsen
Tyrone Mings,Aston Villa,/en/players/8397a50c/Tyrone-Mings
Jhon Durán,Aston Villa,/en/players/414184f7/Jhon-Duran
Morgan Rogers,Aston Villa,/en/players/2e5915f1/Morgan-Rogers
Calum Chambers,Aston Villa,/en/players/dc6f5bdd/Calum-Chambers
Tim Iroegbunam,Aston Villa,/en/players/84c5ceea/Tim-Iroegbunam
Philippe Coutinho,Aston Villa,/en/players/0ef89a37/Philippe-Coutinho
Bertrand Traoré,Aston Villa,/en/players/c47541e0/Bertrand-Traore
Cameron Archer,Aston Villa,/en/players/05e8ca6d/Cameron-Archer
Jaden Philogene Bidace,Aston Villa,/en/players/19f4d211/Jaden-Philogene-Bidace
Joe Gauci,Aston Villa,/en/players/5600c774/Joe-Gauci
Omari Kellyman,Aston Villa,/en/players/aa888da7/Omari-Kellyman
Kaine Kessler,Aston Villa,/en/players/9b066938/Kaine-Kessler
Filip Marshall,Aston Villa,/en/players/a79abd8b/Filip-Marshall
Tommi O'Reilly,Aston Villa,/en/players/345fc437/Tommi-OReilly
Sam Proctor,Aston Villa,/en/players/b96cec48/Sam-Proctor
James Wright,Aston Villa,/en/players/9417a430/James-Wright
Oliwier Zych,Aston Villa,/en/players/be18d79f/Oliwier-Zych
Illia Zabarnyi,Bournemouth,/en/players/88968486/Illia-Zabarnyi
Dominic Solanke,Bournemouth,/en/players/e77dc3b2/Dominic-Solanke
Ryan Christie,Bournemouth,/en/players/26ce2263/Ryan-Christie
Neto,Bournemouth,/en/players/a9dc785c/Neto
Lewis Cook,Bournemouth,/en/players/2afc7272/Lewis-Cook
Marcus Tavernier,Bournemouth,/en/players/5c0da4a4/Marcus-Tavernier
Marcos Senesi,Bournemouth,/en/players/35141f4c/Marcos-Senesi
Antoine Semenyo,Bournemouth,/en/players/efd2ec23/Antoine-Semenyo
Justin Kluivert,Bournemouth,/en/players/4c3a6744/Justin-Kluivert
Milos Kerkez,Bournemouth,/en/players/0ad53bdc/Milos-Kerkez
Adam Smith,Bournemouth,/en/players/20b104bc/Adam-Smith
Philip Billing,Bournemouth,/en/players/d328a254/Philip-Billing
Max Aarons,Bournemouth,/en/players/774cf58b/Max-Aarons
Lloyd Kelly,Bournemouth,/en/players/f31def1e/Lloyd-Kelly
Alex Scott,Bournemouth,/en/players/104d0bb8/Alex-Scott
Luis Sinisterra,Bournemouth,/en/players/8e16dd48/Luis-Sinisterra
Dango Ouattara,Bournemouth,/en/players/2f9e4435/Dango-Ouattara
Joe Rothwell,Bournemouth,/en/players/10a10454/Joe-Rothwell
Chris Mepham,Bournemouth,/en/players/fed96827/Chris-Mepham
David Brooks,Bournemouth,/en/players/dc4cae05/David-Brooks
Ionuț Radu,Bournemouth,/en/players/67f649be/Ionut-Radu
Jaidon Anthony,Bournemouth,/en/players/e4238fb1/Jaidon-Anthony
James Hill,Bournemouth,/en/players/69942fb3/James-Hill
Kieffer Moore,Bournemouth,/en/players/01ce9e70/Kieffer-Moore
Hamed Junior Traorè,Bournemouth,/en/players/570bb4b9/Hamed-Junior-Traore
Enes Ünal,Bournemouth,/en/players/f8eca1b6/Enes-Unal
Romain Faivre,Bournemouth,/en/players/745ca0a3/Romain-Faivre
Ben Greenwood,Bournemouth,/en/players/7eda24fe/Ben-Greenwood
Gavin Kilkenny,Bournemouth,/en/players/3eeda7dd/Gavin-Kilkenny
Emiliano Marcondes,Bournemouth,/en/players/4d960fc3/Emiliano-Marcondes
Darren Randolph,Bournemouth,/en/players/6385ebfb/Darren-Randolph
Dominic Sadi,Bournemouth,/en/players/54778940/Dominic-Sadi
Mark Travers,Bournemouth,/en/players/fe558029/Mark-Travers
Maxwell Wellings,Bournemouth,/en/players/ed46ab76/Maxwell-Wellings
Mark Flekken,Brentford,/en/players/a92ab7be/Mark-Flekken
Vitaly Janelt,Brentford,/en/players/8449d35e/Vitaly-Janelt
Christian Nørgaard,Brentford,/en/players/df0a4c90/Christian-Norgaard
Ethan Pinnock,Brentford,/en/players/e541326e/Ethan-Pinnock
Yoane Wissa,Brentford,/en/players/2500cef9/Yoane-Wissa
Nathan Collins,Brentford,/en/players/a8c19eb8/Nathan-Collins
Mathias Jensen,Brentford,/en/players/0f134faf/Mathias-Jensen
Mads Roerslev,Brentford,/en/players/57c94db2/Mads-Roerslev
Bryan Mbeumo,Brentford,/en/players/6afaebf2/Bryan-Mbeumo
Ben Mee,Brentford,/en/players/8df7a2fb/Ben-Mee
Neal Maupay,Brentford,/en/players/4bcf39f6/Neal-Maupay
Kristoffer Ajer,Brentford,/en/players/a8c0acb7/Kristoffer-Ajer
Frank Onyeka,Brentford,/en/players/2944f86f/Frank-Onyeka
Keane Lewis-Potter,Brentford,/en/players/41f08ac8/Keane-Lewis-Potter
Aaron Hickey,Brentford,/en/players/1780bb4a/Aaron-Hickey
Ivan Toney,Brentford,/en/players/e09f279b/Ivan-Toney
Saman Ghoddos,Brentford,/en/players/f7b1d4e0/Saman-Ghoddos
Sergio Reguilón,Brentford,/en/players/3353737a/Sergio-Reguilon
Mathias Jørgensen,Brentford,/en/players/0db5d2c8/Mathias-Jorgensen
Rico Henry,Brentford,/en/players/8a3c1dc7/Rico-Henry
Yehor Yarmoliuk,Brentford,/en/players/907a5d7c/Yehor-Yarmoliuk
Kevin Schade,Brentford,/en/players/52afb588/Kevin-Schade
Mikkel Damsgaard,Brentford,/en/players/215f3907/Mikkel-Damsgaard
Shandon Baptiste,Brentford,/en/players/2886c9b5/Shandon-Baptiste
Thomas Strakosha,Brentford,/en/players/339fe0e8/Thomas-Strakosha
Michael Olakigbe,Brentford,/en/players/cdd70dc0/Michael-Olakigbe
Josh Dasilva,Brentford,/en/players/60344e4f/Josh-Dasilva
Myles Peart-Harris,Brentford,/en/players/ea1a5662/Myles-Peart-Harris
Val Adedokun,Brentford,/en/players/1b5344ef/Val-Adedokun
Vincent Angelini,Brentford,/en/players/536e58cc/Vincent-Angelini
Ellery Balcombe,Brentford,/en/players/e827567f/Ellery-Balcombe
Ethan Brierley,Brentford,/en/players/c2c5ecda/Ethan-Brierley
Benjamin Fredrick,Brentford,/en/players/fde367e5/Benjamin-Fredrick
Charlie Goode,Brentford,/en/players/7aee4dd3/Charlie-Goode
Kim Jisoo,Brentford,/en/players/f4065d9e/Kim-Jisoo
Pascal Groß,Brighton,/en/players/8aec0537/Pascal-Gross
Lewis Dunk,Brighton,/en/players/282f75f3/Lewis-Dunk
Jan Paul van Hecke,Brighton,/en/players/4fd08daa/Jan-Paul-van-Hecke
Billy Gilmour,Brighton,/en/players/df10e27c/Billy-Gilmour
Kaoru Mitoma,Brighton,/en/players/74618572/Kaoru-Mitoma
Simon Adingra,Brighton,/en/players/4dcec659/Simon-Adingra
Jason Steele,Brighton,/en/players/28300a16/Jason-Steele
Evan Ferguson,Brighton,/en/players/4596da74/Evan-Ferguson
Danny Welbeck,Brighton,/en/players/ce5143da/Danny-Welbeck
João Pedro,Brighton,/en/players/e8832875/Joao-Pedro
Bart Verbruggen,Brighton,/en/players/cf134113/Bart-Verbruggen
Facundo Buonanotte,Brighton,/en/players/468a7a91/Facundo-Buonanotte
Igor,Brighton,/en/players/a4e85758/Igor
Pervis Estupiñán,Brighton,/en/players/d38fdf53/Pervis-Estupinan
James Milner,Brighton,/en/players/2f90f6b8/James-Milner
Joël Veltman,Brighton,/en/players/dad4b285/Joel-Veltman
Adam Lallana,Brighton,/en/players/99813635/Adam-Lallana
Adam Webster,Brighton,/en/players/c40b6180/Adam-Webster
Jack Hinshelwood,Brighton,/en/players/e98211e7/Jack-Hinshelwood
Carlos Baleba,Brighton,/en/players/a1390d2f/Carlos-Baleba
Tariq Lamptey,Brighton,/en/players/f4e433d4/Tariq-Lamptey
Solly March,Brighton,/en/players/bb5fbd2b/Solly-March
Mahmoud Dahoud,Brighton,/en/players/db4ed67b/Mahmoud-Dahoud
Ansu Fati,Brighton,/en/players/0ba976e4/Ansu-Fati
Julio César Enciso,Brighton,/en/players/9cfbad36/Julio-Cesar-Enciso
Jakub Moder,Brighton,/en/players/f230bc30/Jakub-Moder
Benicio Boaitey,Brighton,/en/players/4c5835e6/Benicio-Boaitey
Steven Alzate,Brighton,/en/players/ad1f61f3/Steven-Alzate
Valentín Barco,Brighton,/en/players/b9f282ec/Valentin-Barco
Luca Barrington,Brighton,/en/players/85d7679f/Luca-Barrington
Josh Duffus,Brighton,/en/players/6224214f/Josh-Duffus
Ben Jackson,Brighton,/en/players/0cd9c796/Ben-Jackson
Leigh Kavanagh,Brighton,/en/players/e16986b1/Leigh-Kavanagh
Mark O'Mahony,Brighton,/en/players/a3afdd69/Mark-OMahony
Cameron Peupion,Brighton,/en/players/0bdeb013/Cameron-Peupion
Imari Samuels,Brighton,/en/players/8218e831/Imari-Samuels
James Trafford,Burnley,/en/players/259fea27/James-Trafford
Zeki Amdouni,Burnley,/en/players/2ee5b0c9/Zeki-Amdouni
Josh Brownhill,Burnley,/en/players/47369df8/Josh-Brownhill
Sander Berge,Burnley,/en/players/d0b6129f/Sander-Berge
Dara O'Shea,Burnley,/en/players/1d042188/Dara-OShea
Charlie Taylor,Burnley,/en/players/cc2d7ad5/Charlie-Taylor
Vitinho,Burnley,/en/players/9295dc1c/Vitinho
Jordan Beyer,Burnley,/en/players/9af1f9ff/Jordan-Beyer
Lyle Foster,Burnley,/en/players/f84a807c/Lyle-Foster
Wilson Odobert,Burnley,/en/players/35516eac/Wilson-Odobert
Luca Koleosho,Burnley,/en/players/fc076f78/Luca-Koleosho
Ameen Al-Dakhil,Burnley,/en/players/93e08bce/Ameen-Al-Dakhil
Jóhann Berg Guðmundsson,Burnley,/en/players/f72293fc/Johann-Berg-Gudmundsson
Josh Cullen,Burnley,/en/players/f6d7d690/Josh-Cullen
Connor Roberts,Burnley,/en/players/24fae784/Connor-Roberts
Jay Rodriguez,Burnley,/en/players/4ab53cdb/Jay-Rodriguez
Hannes Delcroix,Burnley,/en/players/b737f944/Hannes-Delcroix
Aaron Ramsey,Burnley,/en/players/e1618c22/Aaron-Ramsey
Jacob Bruun Larsen,Burnley,/en/players/4e204552/Jacob-Bruun-Larsen
Lorenz Assignon,Burnley,/en/players/b026bbf6/Lorenz-Assignon
Hjalmar Ekdal,Burnley,/en/players/3d554589/Hjalmar-Ekdal
Mike Trésor,Burnley,/en/players/b2a81fc6/Mike-Tresor
David Datro Fofana,Burnley,/en/players/e82900ef/David-Datro-Fofana
Maxime Estève,Burnley,/en/players/1a066e69/Maxime-Esteve
Anass Zaroury,Burnley,/en/players/07d65234/Anass-Zaroury
Benson Manuel,Burnley,/en/players/d7f99582/Benson-Manuel
Nathan Redmond,Burnley,/en/players/ab651565/Nathan-Redmond
Michael Obafemi,Burnley,/en/players/caa1a7f0/Michael-Obafemi
Jack Cork,Burnley,/en/players/74e12f1e/Jack-Cork
Han-Noah Massengo,Burnley,/en/players/eba1e557/Han-Noah-Massengo
CJ Egan-Riley,Burnley,/en/players/d313e8ff/CJ-Egan-Riley
Arijanet Muric,Burnley,/en/players/99aa1a84/Arijanet-Muric
Lawrence Vigouroux,Burnley,/en/players/a949d040/Lawrence-Vigouroux
Conor Gallagher,Chelsea,/en/players/c2731c10/Conor-Gallagher
Axel Disasi,Chelsea,/en/players/ad82197c/Axel-Disasi
Thiago Silva,Chelsea,/en/players/86e7deaf/Thiago-Silva
Moisés Caicedo,Chelsea,/en/players/16264a81/Moises-Caicedo
Enzo Fernández,Chelsea,/en/players/5ff4ab71/Enzo-Fernandez
Levi Colwill,Chelsea,/en/players/700783e7/Levi-Colwill
Raheem Sterling,Chelsea,/en/players/b400bde0/Raheem-Sterling
Nicolas Jackson,Chelsea,/en/players/9c36ed83/Nicolas-Jackson
Cole Palmer,Chelsea,/en/players/dc7f8a28/Cole-Palmer
Robert Sánchez,Chelsea,/en/players/6a713852/Robert-Sanchez
Malo Gusto,Chelsea,/en/players/d56b9520/Malo-Gusto
Đorđe Petrović,Chelsea,/en/players/0cf321c8/Djordje-Petrovic
Mykhailo Mudryk,Chelsea,/en/players/049a888d/Mykhailo-Mudryk
Ben Chilwell,Chelsea,/en/players/d2424d1b/Ben-Chilwell
Marc Cucurella,Chelsea,/en/players/1daec722/Marc-Cucurella
Benoît Badiashile,Chelsea,/en/players/06df8256/Benoit-Badiashile
Armando Broja,Chelsea,/en/players/97220da2/Armando-Broja
Reece James,Chelsea,/en/players/1265a93a/Reece-James
Noni Madueke,Chelsea,/en/players/bf34eebd/Noni-Madueke
Lesley Ugochukwu,Chelsea,/en/players/1df4a109/Lesley-Ugochukwu
Christopher Nkunku,Chelsea,/en/players/7c56da38/Christopher-Nkunku
Carney Chukwuemeka,Chelsea,/en/players/b2f9c73e/Carney-Chukwuemeka
Ian Maatsen,Chelsea,/en/players/cab9634e/Ian-Maatsen
Trevoh Chalobah,Chelsea,/en/players/5515376c/Trevoh-Chalobah
Roméo Lavia,Chelsea,/en/players/ecad9aa5/Romeo-Lavia
Alfie Gilchrist,Chelsea,/en/players/d91f104d/Alfie-Gilchrist
Cesare Casadei,Chelsea,/en/players/fb920f3a/Cesare-Casadei
Deivid Washington,Chelsea,/en/players/95bd120d/Deivid-Washington
Mason Burstow,Chelsea,/en/players/dab84ad2/Mason-Burstow
Alex Matos,Chelsea,/en/players/ed383e43/Alex-Matos
Marcus Bettinelli,Chelsea,/en/players/0d85a4e8/Marcus-Bettinelli
Eddie Beach,Chelsea,/en/players/7cbd6d68/Eddie-Beach
Lucas Bergström,Chelsea,/en/players/b59c2a92/Lucas-Bergstrom
Joshua Brooking,Chelsea,/en/players/330f638c/Joshua-Brooking
Leo Castledine,Chelsea,/en/players/1c86192d/Leo-Castledine
Ollie Harrison,Chelsea,/en/players/6ce635b6/Ollie-Harrison
Bashir Humphreys,Chelsea,/en/players/d2b32e91/Bashir-Humphreys
Diego Moreira,Chelsea,/en/players/12de1b0d/Diego-Moreira
Ishé Samuels-Smith,Chelsea,/en/players/da95fde0/Ishe-Samuels-Smith
Andrey Santos,Chelsea,/en/players/dd745366/Andrey-Santos
Ronnie Stutter,Chelsea,/en/players/e3f9e68a/Ronnie-Stutter
Jimi Tauriainen,Chelsea,/en/players/cac9e583/Jimi-Tauriainen
Joachim Andersen,Crystal Palace,/en/players/e34fc66d/Joachim-Andersen
Tyrick Mitchell,Crystal Palace,/en/players/5cbd1eb0/Tyrick-Mitchell
Jordan Ayew,Crystal Palace,/en/players/da052c14/Jordan-Ayew
Jefferson Lerma,Crystal Palace,/en/players/9b5ce51a/Jefferson-Lerma
Marc Guéhi,Crystal Palace,/en/players/d0706b27/Marc-Guehi
Sam Johnstone,Crystal Palace,/en/players/9e5708be/Sam-Johnstone
Joel Ward,Crystal Palace,/en/players/8a7ff278/Joel-Ward
Odsonne Édouard,Crystal Palace,/en/players/0562b7f1/Odsonne-Edouard
Jeffrey Schlupp,Crystal Palace,/en/players/3312f911/Jeffrey-Schlupp
Chris Richards,Crystal Palace,/en/players/0a3d6d2b/Chris-Richards
Will Hughes,Crystal Palace,/en/players/a0666d3e/Will-Hughes
Jean-Philippe Mateta,Crystal Palace,/en/players/50e6dc35/Jean-Philippe-Mateta
Eberechi Eze,Crystal Palace,/en/players/ae4fc6a4/Eberechi-Eze
Cheick Doucouré,Crystal Palace,/en/players/ce4f40c7/Cheick-Doucoure
Michael Olise,Crystal Palace,/en/players/c4486bac/Michael-Olise
Dean Henderson,Crystal Palace,/en/players/e5a76dfe/Dean-Henderson
Nathaniel Clyne,Crystal Palace,/en/players/0442183b/Nathaniel-Clyne
Daniel Muñoz,Crystal Palace,/en/players/778ef829/Daniel-Munoz
Adam Wharton,Crystal Palace,/en/players/4b542852/Adam-Wharton
Jaïro Riedewald,Crystal Palace,/en/players/7a1f2c08/Jairo-Riedewald
Matheus França,Crystal Palace,/en/players/077faf72/Matheus-Franca
Naouirou Ahamada,Crystal Palace,/en/players/a6c58494/Naouirou-Ahamada
Jesuran Rak Sakyi,Crystal Palace,/en/players/45685411/Jesuran-Rak-Sakyi
David Ozoh,Crystal Palace,/en/players/d00d45ab/David-Ozoh
James Tomkins,Crystal Palace,/en/players/e7ca0439/James-Tomkins
Remi Matthews,Crystal Palace,/en/players/27f4f772/Remi-Matthews
Tayo Adaramola,Crystal Palace,/en/players/c150b220/Tayo-Adaramola
Malcolm Ebiowei,Crystal Palace,/en/players/fa9fa773/Malcolm-Ebiowei
John-Kymani Gordon,Crystal Palace,/en/players/d7e24aa1/John-Kymani-Gordon
Rob Holding,Crystal Palace,/en/players/d79a8c87/Rob-Holding
Ademola Ola-Adebomi,Crystal Palace,/en/players/efacf4fd/Ademola-Ola-Adebomi
Luke Plange,Crystal Palace,/en/players/2140e999/Luke-Plange
Jadan Raymond,Crystal Palace,/en/players/9ad8d732/Jadan-Raymond
Kaden Rodney,Crystal Palace,/en/players/49375cdd/Kaden-Rodney
Franco Umeh-Chibueze,Crystal Palace,/en/players/8e526344/Franco-Umeh-Chibueze
Joseph Whitworth,Crystal Palace,/en/players/3f847d95/Joseph-Whitworth
Jordan Pickford,Everton,/en/players/4806ec67/Jordan-Pickford
James Tarkowski,Everton,/en/players/15ea812b/James-Tarkowski
James Garner,Everton,/en/players/4e015693/James-Garner
Jarrad Branthwaite,Everton,/en/players/c1949191/Jarrad-Branthwaite
Vitaliy Mykolenko,Everton,/en/players/30d4a2e5/Vitaliy-Mykolenko
Dwight McNeil,Everton,/en/players/fc15fb84/Dwight-McNeil
Abdoulaye Doucouré,Everton,/en/players/02b29014/Abdoulaye-Doucoure
Jack Harrison,Everton,/en/players/aa849a12/Jack-Harrison
Dominic Calvert-Lewin,Everton,/en/players/59e6e5bf/Dominic-Calvert-Lewin
Ashley Young,Everton,/en/players/be927d03/Ashley-Young
Amadou Onana,Everton,/en/players/828657ff/Amadou-Onana
Idrissa Gana Gueye,Everton,/en/players/72c812f3/Idrissa-Gana-Gueye
Nathan Patterson,Everton,/en/players/230f0471/Nathan-Patterson
Ben Godfrey,Everton,/en/players/9f7c837d/Ben-Godfrey
Beto,Everton,/en/players/ed5c0319/Beto
Arnaut Danjuma,Everton,/en/players/f08490a6/Arnaut-Danjuma
Michael Keane,Everton,/en/players/c5b7c315/Michael-Keane
Séamus Coleman,Everton,/en/players/0420d84f/Seamus-Coleman
Alex Iwobi,Everton,/en/players/6ca5ec4b/Alex-Iwobi
Lewis Dobbin,Everton,/en/players/e814e1cf/Lewis-Dobbin
André Gomes,Everton,/en/players/1961b2aa/Andre-Gomes
Neal Maupay,Everton,/en/players/4bcf39f6/Neal-Maupay
Youssef Chermiti,Everton,/en/players/890f108d/Youssef-Chermiti
Thomas Cannon,Everton,/en/players/4506aec5/Thomas-Cannon
Tyler Onyango,Everton,/en/players/d86a1f3e/Tyler-Onyango
Elijah Campbell,Everton,/en/players/48ba3f58/Elijah-Campbell
Mackenzie Hunt,Everton,/en/players/a7a688d7/Mackenzie-Hunt
Andy Lonergan,Everton,/en/players/165cf989/Andy-Lonergan
Jenson Metcalfe,Everton,/en/players/5c2595e2/Jenson-Metcalfe
João Virgínia,Everton,/en/players/728e9b2e/Joao-Virginia
Bernd Leno,Fulham,/en/players/2628fd2b/Bernd-Leno
Antonee Robinson,Fulham,/en/players/289601e6/Antonee-Robinson
Andreas Pereira,Fulham,/en/players/6639e500/Andreas-Pereira
João Palhinha,Fulham,/en/players/a78ff07f/Joao-Palhinha
Timothy Castagne,Fulham,/en/players/197640fd/Timothy-Castagne
Willian,Fulham,/en/players/8b9ebd03/Willian
Raúl Jiménez,Fulham,/en/players/b561db50/Raul-Jimenez
Tim Ream,Fulham,/en/players/28b40c9c/Tim-Ream
Calvin Bassey,Fulham,/en/players/a36524bf/Calvin-Bassey
Alex Iwobi,Fulham,/en/players/6ca5ec4b/Alex-Iwobi
Bobby Reid,Fulham,/en/players/0f7533cd/Bobby-Reid
Harry Wilson,Fulham,/en/players/c6dc9ecd/Harry-Wilson
Tom Cairney,Fulham,/en/players/a8748947/Tom-Cairney
Issa Diop,Fulham,/en/players/a712ca2b/Issa-Diop
Harrison Reed,Fulham,/en/players/803ae100/Harrison-Reed
Tosin Adarabioyo,Fulham,/en/players/c81d773d/Tosin-Adarabioyo
Rodrigo Muniz,Fulham,/en/players/a755db8c/Rodrigo-Muniz
Kenny Tete,Fulham,/en/players/77d7c96f/Kenny-Tete
Saša Lukić,Fulham,/en/players/c6e8cf1f/Sasa-Lukic
Carlos Vinícius,Fulham,/en/players/8b529245/Carlos-Vinicius
Adama Traoré,Fulham,/en/players/9a28eba4/Adama-Traore
Luke Harris,Fulham,/en/players/8c3078cd/Luke-Harris
Fodé Ballo-Touré,Fulham,/en/players/f449640d/Fode-Ballo-Toure
Armando Broja,Fulham,/en/players/97220da2/Armando-Broja
Aleksandar Mitrović,Fulham,/en/players/3925dbd6/Aleksandar-Mitrovic
Marek Rodák,Fulham,/en/players/17acc2ed/Marek-Rodak
Luc De Fougerolles,Fulham,/en/players/45c427ff/Luc-De-Fougerolles
Matt Dibley-Dias,Fulham,/en/players/979cb300/Matt-Dibley-Dias
Tyrese Francois,Fulham,/en/players/6722d4f0/Tyrese-Francois
Joshua King,Fulham,/en/players/86109b3b/Joshua-King
Kevin Mbabu,Fulham,/en/players/493924a7/Kevin-Mbabu
Kristian Sekularac,Fulham,/en/players/e20a28ce/Kristian-Sekularac
Jay Stansfield,Fulham,/en/players/b2626673/Jay-Stansfield
Devan Tanton,Fulham,/en/players/3c256bb1/Devan-Tanton
Virgil van Dijk,Liverpool,/en/players/e06683ca/Virgil-van-Dijk
Alisson,Liverpool,/en/players/7a2e46a8/Alisson
Luis Díaz,Liverpool,/en/players/4a1a9578/Luis-Diaz
Alexis Mac Allister,Liverpool,/en/players/83d074ff/Alexis-Mac-Allister
Mohamed Salah,Liverpool,/en/players/e342ad68/Mohamed-Salah
Dominik Szoboszlai,Liverpool,/en/players/934e1968/Dominik-Szoboszlai
Trent Alexander-Arnold,Liverpool,/en/players/cd1acf9d/Trent-Alexander-Arnold
Darwin Núñez,Liverpool,/en/players/4d77b365/Darwin-Nunez
Ibrahima Konaté,Liverpool,/en/players/5ed9b537/Ibrahima-Konate
Joe Gomez,Liverpool,/en/players/7a11550b/Joe-Gomez
Diogo Jota,Liverpool,/en/players/178ae8f8/Diogo-Jota
Cody Gakpo,Liverpool,/en/players/1971591f/Cody-Gakpo
Curtis Jones,Liverpool,/en/players/4fb9c88f/Curtis-Jones
Andrew Robertson,Liverpool,/en/players/2e4f5f03/Andrew-Robertson
Wataru Endo,Liverpool,/en/players/c149016b/Wataru-Endo
Ryan Gravenberch,Liverpool,/en/players/b8e740fb/Ryan-Gravenberch
Joël Matip,Liverpool,/en/players/b217ef29/Joel-Matip
Kostas Tsimikas,Liverpool,/en/players/f315ca93/Kostas-Tsimikas
Caoimhín Kelleher,Liverpool,/en/players/62d7ef38/Caoimhin-Kelleher
Harvey Elliott,Liverpool,/en/players/b9e1436c/Harvey-Elliott
Jarell Quansah,Liverpool,/en/players/4125cb98/Jarell-Quansah
Conor Bradley,Liverpool,/en/players/bbd67769/Conor-Bradley
Bobby Clark,Liverpool,/en/players/73341ace/Bobby-Clark
Ben Doak,Liverpool,/en/players/733f1a7d/Ben-Doak
Jayden Danns,Liverpool,/en/players/003cf4d1/Jayden-Danns
Owen Beck,Liverpool,/en/players/a011a1e9/Owen-Beck
Thiago Alcántara,Liverpool,/en/players/77e84962/Thiago-Alcantara
James McConnell,Liverpool,/en/players/bf973eeb/James-McConnell
Kaide Gordon,Liverpool,/en/players/19a9cb70/Kaide-Gordon
Adrián,Liverpool,/en/players/f76e6b4e/Adrian
Stefan Bajcetic,Liverpool,/en/players/32e8417f/Stefan-Bajcetic
Luke Chambers,Liverpool,/en/players/7d6af698/Luke-Chambers
Lewis Koumas,Liverpool,/en/players/d77edba6/Lewis-Koumas
Fabian Mrozek,Liverpool,/en/players/927eecf9/Fabian-Mrozek
Trey Nyoni,Liverpool,/en/players/1d3b3d77/Trey-Nyoni
Marcelo Pitaluga,Liverpool,/en/players/b3cafda8/Marcelo-Pitaluga
Calum Scanlon,Liverpool,/en/players/37739c71/Calum-Scanlon
Thomas Kaminski,Luton Town,/en/players/1caa93a5/Thomas-Kaminski
Alfie Doughty,Luton Town,/en/players/bf33b257/Alfie-Doughty
Amari'i Bell,Luton Town,/en/players/399e9474/Amarii-Bell
Carlton Morris,Luton Town,/en/players/2da834f1/Carlton-Morris
Ross Barkley,Luton Town,/en/players/3a24769f/Ross-Barkley
Teden Mengi,Luton Town,/en/players/91748070/Teden-Mengi
Chiedozie Ogbene,Luton Town,/en/players/788c0277/Chiedozie-Ogbene
Gabriel Osho,Luton Town,/en/players/cd889153/Gabriel-Osho
Tom Lockyer,Luton Town,/en/players/37118440/Tom-Lockyer
Issa Kaboré,Luton Town,/en/players/c066d1a5/Issa-Kabore
Elijah Adebayo,Luton Town,/en/players/0480ebc7/Elijah-Adebayo
Marvelous Nakamba,Luton Town,/en/players/de5b5570/Marvelous-Nakamba
Jacob Brown,Luton Town,/en/players/ca18c8f1/Jacob-Brown
Albert Sambi Lokonga,Luton Town,/en/players/1b4f1169/Albert-Sambi-Lokonga
Reece Burke,Luton Town,/en/players/a681b7b7/Reece-Burke
Andros Townsend,Luton Town,/en/players/b28bbd58/Andros-Townsend
Tahith Chong,Luton Town,/en/players/2696b6a9/Tahith-Chong
Pelly Ruddock Mpanzu,Luton Town,/en/players/a9b1c319/Pelly-Ruddock-Mpanzu
Ryan John Giles,Luton Town,/en/players/73b1d65b/Ryan-John-Giles
Jordan Clark,Luton Town,/en/players/7c5fa6cf/Jordan-Clark
Mads Juel Andersen,Luton Town,/en/players/f098c03e/Mads-Juel-Andersen
Cauley Woodrow,Luton Town,/en/players/d3085b49/Cauley-Woodrow
Luke Berry,Luton Town,/en/players/2aaadf33/Luke-Berry
Daiki Hashioka,Luton Town,/en/players/10cb48b7/Daiki-Hashioka
Allan Campbell,Luton Town,/en/players/858409be/Allan-Campbell
Aidan Francis,Luton Town,/en/players/38c29201/Aidan-Francis
Joseph Johnson,Luton Town,/en/players/d9e7c4da/Joseph-Johnson
Tim Krul,Luton Town,/en/players/f23f9d20/Tim-Krul
Jayden Luker,Luton Town,/en/players/61aed9fe/Jayden-Luker
John Mcatee,Luton Town,/en/players/5c42b6b6/John-Mcatee
Zack Nelson,Luton Town,/en/players/de0abf23/Zack-Nelson
Axel Piesold,Luton Town,/en/players/68201bf9/Axel-Piesold
Dan Potts,Luton Town,/en/players/3595affe/Dan-Potts
James Shea,Luton Town,/en/players/ee7c0a5e/James-Shea
Ederson,Manchester City,/en/players/3bb7b8b4/Ederson
Julián Álvarez,Manchester City,/en/players/15ab5a2b/Julian-Alvarez
Phil Foden,Manchester City,/en/players/ed1e53f3/Phil-Foden
Kyle Walker,Manchester City,/en/players/86dd77d1/Kyle-Walker
Rodri,Manchester City,/en/players/6434f10d/Rodri
Rúben Dias,Manchester City,/en/players/31c69ef1/Ruben-Dias
Erling Haaland,Manchester City,/en/players/1f44ac21/Erling-Haaland
Bernardo Silva,Manchester City,/en/players/3eb22ec9/Bernardo-Silva
Manuel Akanji,Manchester City,/en/players/89ac64a6/Manuel-Akanji
Nathan Aké,Manchester City,/en/players/eaeca114/Nathan-Ake
Joško Gvardiol,Manchester City,/en/players/5ad50391/Josko-Gvardiol
Jeremy Doku,Manchester City,/en/players/fffea3e5/Jeremy-Doku
Mateo Kovačić,Manchester City,/en/players/79c0821a/Mateo-Kovacic
John Stones,Manchester City,/en/players/5eecec3d/John-Stones
Jack Grealish,Manchester City,/en/players/b0b4fd3e/Jack-Grealish
Matheus Nunes,Manchester City,/en/players/e6af02e0/Matheus-Nunes
Rico Lewis,Manchester City,/en/players/b57e066e/Rico-Lewis
Kevin De Bruyne,Manchester City,/en/players/e46012d4/Kevin-De-Bruyne
Oscar Bobb,Manchester City,/en/players/eed2427e/Oscar-Bobb
Stefan Ortega,Manchester City,/en/players/c1242d4e/Stefan-Ortega
Kalvin Phillips,Manchester City,/en/players/4f565d77/Kalvin-Phillips
Sergio Gómez,Manchester City,/en/players/01e5f06e/Sergio-Gomez
Aymeric Laporte,Manchester City,/en/players/119b9a8e/Aymeric-Laporte
Cole Palmer,Manchester City,/en/players/dc7f8a28/Cole-Palmer
James Mcatee,Manchester City,/en/players/96593e89/James-Mcatee
Scott Carson,Manchester City,/en/players/3e1550ee/Scott-Carson
Micah Hamilton,Manchester City,/en/players/0b059e15/Micah-Hamilton
Máximo Perrone,Manchester City,/en/players/53552942/Maximo-Perrone
Mahamadou Susoho,Manchester City,/en/players/6cdd9d3d/Mahamadou-Susoho
Jacob Wright,Manchester City,/en/players/b6db05c3/Jacob-Wright
André Onana,Manchester Utd,/en/players/e9c0c1b2/Andre-Onana
Bruno Fernandes,Manchester Utd,/en/players/507c7bdf/Bruno-Fernandes
Diogo Dalot,Manchester Utd,/en/players/d9565625/Diogo-Dalot
Marcus Rashford,Manchester Utd,/en/players/a1d5bd30/Marcus-Rashford
Alejandro Garnacho,Manchester Utd,/en/players/7aa8adfe/Alejandro-Garnacho
Rasmus Højlund,Manchester Utd,/en/players/491a433d/Rasmus-Hojlund
Harry Maguire,Manchester Utd,/en/players/d8931174/Harry-Maguire
Casemiro,Manchester Utd,/en/players/4d224fe8/Casemiro
Scott McTominay,Manchester Utd,/en/players/d93c2511/Scott-McTominay
Raphaël Varane,Manchester Utd,/en/players/9f8e9423/Raphael-Varane
Luke Shaw,Manchester Utd,/en/players/9c94165b/Luke-Shaw
Kobbie Mainoo,Manchester Utd,/en/players/c6220452/Kobbie-Mainoo
Victor Lindelöf,Manchester Utd,/en/players/f5deef4c/Victor-Lindelof
Antony,Manchester Utd,/en/players/99127249/Antony
Jonny Evans,Manchester Utd,/en/players/f8fcd2a5/Jonny-Evans
Aaron Wan-Bissaka,Manchester Utd,/en/players/9e525177/Aaron-Wan-Bissaka
Christian Eriksen,Manchester Utd,/en/players/980522ec/Christian-Eriksen
Sofyan Amrabat,Manchester Utd,/en/players/5a2cb25d/Sofyan-Amrabat
Lisandro Martínez,Manchester Utd,/en/players/bac46a10/Lisandro-Martinez
Anthony Martial,Manchester Utd,/en/players/8b788c01/Anthony-Martial
Sergio Reguilón,Manchester Utd,/en/players/3353737a/Sergio-Reguilon
Mason Mount,Manchester Utd,/en/players/9674002f/Mason-Mount
Facundo Pellistri,Manchester Utd,/en/players/ac7e7b1c/Facundo-Pellistri
Hannibal Mejbri,Manchester Utd,/en/players/ca22ccb0/Hannibal-Mejbri
Willy Kambwala,Manchester Utd,/en/players/6a7353d7/Willy-Kambwala
Omari Forson,Manchester Utd,/en/players/1b9728b0/Omari-Forson
Jadon Sancho,Manchester Utd,/en/players/dbf053da/Jadon-Sancho
Amad Diallo,Manchester Utd,/en/players/9dc96f10/Amad-Diallo
Donny van de Beek,Manchester Utd,/en/players/50dc94ce/Donny-van-de-Beek
Daniel Gore,Manchester Utd,/en/players/861e9b3b/Daniel-Gore
Altay Bayındır,Manchester Utd,/en/players/072e68ed/Altay-Bayindir
Rhys Bennett,Manchester Utd,/en/players/e4588897/Rhys-Bennett
Álvaro Carreras,Manchester Utd,/en/players/33a68b9b/Alvaro-Carreras
Toby Collier,Manchester Utd,/en/players/4f9091bc/Toby-Collier
Tom Heaton,Manchester Utd,/en/players/a6de6361/Tom-Heaton
Dean Henderson,Manchester Utd,/en/players/e5a76dfe/Dean-Henderson
Joe Hugill,Manchester Utd,/en/players/49134eb2/Joe-Hugill
Radek Vítek,Manchester Utd,/en/players/d617bff6/Radek-Vitek
Fabian Schär,Newcastle Utd,/en/players/c8aa95da/Fabian-Schar
Bruno Guimarães,Newcastle Utd,/en/players/82518f62/Bruno-Guimaraes
Kieran Trippier,Newcastle Utd,/en/players/21512407/Kieran-Trippier
Anthony Gordon,Newcastle Utd,/en/players/2bd83368/Anthony-Gordon
Miguel Almirón,Newcastle Utd,/en/players/862a1c15/Miguel-Almiron
Dan Burn,Newcastle Utd,/en/players/b2d31e83/Dan-Burn
Sean Longstaff,Newcastle Utd,/en/players/a2b105e0/Sean-Longstaff
Alexander Isak,Newcastle Utd,/en/players/8e92be30/Alexander-Isak
Sven Botman,Newcastle Utd,/en/players/ccce7025/Sven-Botman
Nick Pope,Newcastle Utd,/en/players/4b40d9ca/Nick-Pope
Lewis Miley,Newcastle Utd,/en/players/2c6835e5/Lewis-Miley
Joelinton,Newcastle Utd,/en/players/c17bfb65/Joelinton
Martin Dúbravka,Newcastle Utd,/en/players/3a949a25/Martin-Dubravka
Jamaal Lascelles,Newcastle Utd,/en/players/450ab6fc/Jamaal-Lascelles
Callum Wilson,Newcastle Utd,/en/players/c596fcb0/Callum-Wilson
Valentino Livramento,Newcastle Utd,/en/players/afed6722/Valentino-Livramento
Sandro Tonali,Newcastle Utd,/en/players/0db169ae/Sandro-Tonali
Jacob Murphy,Newcastle Utd,/en/players/de112b84/Jacob-Murphy
Elliot Anderson,Newcastle Utd,/en/players/de31038e/Elliot-Anderson
Harvey Barnes,Newcastle Utd,/en/players/3ea50f67/Harvey-Barnes
Joe Willock,Newcastle Utd,/en/players/a3b03921/Joe-Willock
Lewis Hall,Newcastle Utd,/en/players/da011f18/Lewis-Hall
Loris Karius,Newcastle Utd,/en/players/32e7ce92/Loris-Karius
Matt Targett,Newcastle Utd,/en/players/e514ab62/Matt-Targett
Matt Ritchie,Newcastle Utd,/en/players/71ef519e/Matt-Ritchie
Emil Krafth,Newcastle Utd,/en/players/77cf6852/Emil-Krafth
Ben Parkinson,Newcastle Utd,/en/players/32163807/Ben-Parkinson
Paul Dummett,Newcastle Utd,/en/players/3fe6bd8c/Paul-Dummett
Alex Murphy,Newcastle Utd,/en/players/f1c42eb3/Alex-Murphy
Amadou Diallo,Newcastle Utd,/en/players/e31708b2/Amadou-Diallo
Michael Ndiweni,Newcastle Utd,/en/players/8aff2b51/Michael-Ndiweni
Joe White,Newcastle Utd,/en/players/d60c03a9/Joe-White
Mark Gillespie,Newcastle Utd,/en/players/e32958b7/Mark-Gillespie
Travis Hearnes,Newcastle Utd,/en/players/849e071e/Travis-Hearnes
Javier Manquillo,Newcastle Utd,/en/players/758dd7f0/Javier-Manquillo
Morgan Gibbs-White,Nott'ham Forest,/en/players/32f60ed8/Morgan-Gibbs-White
Murillo,Nott'ham Forest,/en/players/1704b0b8/Murillo
Anthony Elanga,Nott'ham Forest,/en/players/2fba6108/Anthony-Elanga
Orel Mangala,Nott'ham Forest,/en/players/a572e291/Orel-Mangala
Matt Turner,Nott'ham Forest,/en/players/4a51ba65/Matt-Turner
Nicolás Domínguez,Nott'ham Forest,/en/players/20b3a502/Nicolas-Dominguez
Willy Boly,Nott'ham Forest,/en/players/a4ac4b8f/Willy-Boly
Ryan Yates,Nott'ham Forest,/en/players/c1fe2a48/Ryan-Yates
Moussa Niakhate,Nott'ham Forest,/en/players/00242715/Moussa-Niakhate
Harry Toffolo,Nott'ham Forest,/en/players/a105d46a/Harry-Toffolo
Taiwo Awoniyi,Nott'ham Forest,/en/players/e5478b87/Taiwo-Awoniyi
Ola Aina,Nott'ham Forest,/en/players/246d153b/Ola-Aina
Danilo,Nott'ham Forest,/en/players/a816dbfb/Danilo
Callum Hudson-Odoi,Nott'ham Forest,/en/players/15f3ec41/Callum-Hudson-Odoi
Ibrahim Sangaré,Nott'ham Forest,/en/players/bced0375/Ibrahim-Sangare
Neco Williams,Nott'ham Forest,/en/players/dd323728/Neco-Williams
Serge Aurier,Nott'ham Forest,/en/players/5c2b4f07/Serge-Aurier
Chris Wood,Nott'ham Forest,/en/players/4e9a0555/Chris-Wood
Gonzalo Montiel,Nott'ham Forest,/en/players/374d5158/Gonzalo-Montiel
Nuno Tavares,Nott'ham Forest,/en/players/a65c844b/Nuno-Tavares
Matz Sels,Nott'ham Forest,/en/players/834b5c4c/Matz-Sels
Odisseas Vlachodimos,Nott'ham Forest,/en/players/03df04ff/Odisseas-Vlachodimos
Joe Worrall,Nott'ham Forest,/en/players/a5212312/Joe-Worrall
Scott McKenna,Nott'ham Forest,/en/players/4e5a4cbc/Scott-McKenna
Andrew Omobamidele,Nott'ham Forest,/en/players/c393a6c4/Andrew-Omobamidele
Divock Origi,Nott'ham Forest,/en/players/43a166b4/Divock-Origi
Felipe,Nott'ham Forest,/en/players/51a3c4c8/Felipe
Brennan Johnson,Nott'ham Forest,/en/players/0cd31129/Brennan-Johnson
Cheikhou Kouyaté,Nott'ham Forest,/en/players/8d3c902d/Cheikhou-Kouyate
Gio Reyna,Nott'ham Forest,/en/players/7fa4e703/Gio-Reyna
Andrey Santos,Nott'ham Forest,/en/players/dd745366/Andrey-Santos
Brandon Aguilera,Nott'ham Forest,/en/players/938fa024/Brandon-Aguilera
Rodrigo Ribeiro,Nott'ham Forest,/en/players/484a3eae/Rodrigo-Ribeiro
Remo Freuler,Nott'ham Forest,/en/players/98d2c2c4/Remo-Freuler
Joe Gardner,Nott'ham Forest,/en/players/f4c17979/Joe-Gardner
Wayne Hennessey,Nott'ham Forest,/en/players/76eca7e2/Wayne-Hennessey
Ethan Horvath,Nott'ham Forest,/en/players/3f65d5ce/Ethan-Horvath
Jamie McDonnell,Nott'ham Forest,/en/players/b0df78a0/Jamie-McDonnell
Lewis O'Brien,Nott'ham Forest,/en/players/089667a5/Lewis-OBrien
Detlef Osong,Nott'ham Forest,/en/players/a42bbccc/Detlef-Osong
Hwang Ui-jo,Nott'ham Forest,/en/players/a2d873dd/Hwang-Ui-jo
Wes Foderingham,Sheffield Utd,/en/players/96cf7b61/Wes-Foderingham
Vinicius Souza,Sheffield Utd,/en/players/6a8a7af8/Vinicius-Souza
Jack Robinson,Sheffield Utd,/en/players/7399c7a8/Jack-Robinson
Gustavo Hamer,Sheffield Utd,/en/players/eebacc07/Gustavo-Hamer
Jayden Bogle,Sheffield Utd,/en/players/ae5019e6/Jayden-Bogle
Anel Ahmedhodžić,Sheffield Utd,/en/players/eab957a3/Anel-Ahmedhodzic
Auston Trusty,Sheffield Utd,/en/players/cddf767b/Auston-Trusty
James Mcatee,Sheffield Utd,/en/players/96593e89/James-Mcatee
Cameron Archer,Sheffield Utd,/en/players/05e8ca6d/Cameron-Archer
Oliver Norwood,Sheffield Utd,/en/players/43439614/Oliver-Norwood
Luke Thomas,Sheffield Utd,/en/players/fc027d02/Luke-Thomas
George Baldock,Sheffield Utd,/en/players/394854c4/George-Baldock
Oliver McBurnie,Sheffield Utd,/en/players/78b8ac63/Oliver-McBurnie
William Osula,Sheffield Utd,/en/players/7b355808/William-Osula
Andre Brooks,Sheffield Utd,/en/players/5f346071/Andre-Brooks
John Egan,Sheffield Utd,/en/players/debe38a0/John-Egan
Ben Osborn,Sheffield Utd,/en/players/79bc4c45/Ben-Osborn
Yasser Larouci,Sheffield Utd,/en/players/0ed063d6/Yasser-Larouci
Anis Ben Slimane,Sheffield Utd,/en/players/9ade9ce1/Anis-Ben-Slimane
Max Lowe,Sheffield Utd,/en/players/7af88b33/Max-Lowe
Bénie Adama Traore,Sheffield Utd,/en/players/77816c91/Benie-Adama-Traore
Chris Basham,Sheffield Utd,/en/players/1aa84968/Chris-Basham
Rhian Brewster,Sheffield Utd,/en/players/30e81a88/Rhian-Brewster
Mason Holgate,Sheffield Utd,/en/players/d0042ab9/Mason-Holgate
Ben Brereton,Sheffield Utd,/en/players/57827369/Ben-Brereton
Ivo Grbić,Sheffield Utd,/en/players/3f034750/Ivo-Grbic
Rhys Norrington-Davies,Sheffield Utd,/en/players/ca76b087/Rhys-Norrington-Davies
John Fleck,Sheffield Utd,/en/players/b63e789d/John-Fleck
Tom Davies,Sheffield Utd,/en/players/9228b07c/Tom-Davies
Antwoine Hackford,Sheffield Utd,/en/players/a7588cdc/Antwoine-Hackford
Sydie Peck,Sheffield Utd,/en/players/767d9605/Sydie-Peck
Ryan One,Sheffield Utd,/en/players/d4aa4582/Ryan-One
Jordan Amissah,Sheffield Utd,/en/players/50fc4c0a/Jordan-Amissah
Oliver Arblaster,Sheffield Utd,/en/players/afe1a491/Oliver-Arblaster
Billy Blacker,Sheffield Utd,/en/players/2b08b6e5/Billy-Blacker
Jili Buyabu,Sheffield Utd,/en/players/15ee4bc1/Jili-Buyabu
Ismaila Cheick Coulibaly,Sheffield Utd,/en/players/d33e3242/Ismaila-Cheick-Coulibaly
Sam Curtis,Sheffield Utd,/en/players/7d42865e/Sam-Curtis
Adam Davies,Sheffield Utd,/en/players/71894777/Adam-Davies
Louie Marsh,Sheffield Utd,/en/players/7923301c/Louie-Marsh
Dovydas Sasnauskas,Sheffield Utd,/en/players/9463c7eb/Dovydas-Sasnauskas
Femi Seriki,Sheffield Utd,/en/players/e4e0deaa/Femi-Seriki
Guglielmo Vicario,Tottenham,/en/players/77d6fd4d/Guglielmo-Vicario
Pedro Porro,Tottenham,/en/players/27d0a506/Pedro-Porro
Dejan Kulusevski,Tottenham,/en/players/df3cda47/Dejan-Kulusevski
Son Heung-min,Tottenham,/en/players/92e7e919/Son-Heung-min
Destiny Udogie,Tottenham,/en/players/7cd520e8/Destiny-Udogie
Cristian Romero,Tottenham,/en/players/a3d94a58/Cristian-Romero
Pape Matar Sarr,Tottenham,/en/players/feb5d972/Pape-Matar-Sarr
Micky van de Ven,Tottenham,/en/players/8fe2a392/Micky-van-de-Ven
Yves Bissouma,Tottenham,/en/players/6c203af0/Yves-Bissouma
Richarlison,Tottenham,/en/players/fa031b34/Richarlison
James Maddison,Tottenham,/en/players/ee38d9c5/James-Maddison
Brennan Johnson,Tottenham,/en/players/0cd31129/Brennan-Johnson
Ben Davies,Tottenham,/en/players/44781702/Ben-Davies
Emerson,Tottenham,/en/players/df8b52a5/Emerson
Rodrigo Bentancur,Tottenham,/en/players/3b8674e6/Rodrigo-Bentancur
Pierre Højbjerg,Tottenham,/en/players/8b04d6c1/Pierre-Hojbjerg
Timo Werner,Tottenham,/en/players/49fe9070/Timo-Werner
Oliver Skipp,Tottenham,/en/players/6250083a/Oliver-Skipp
Giovani Lo Celso,Tottenham,/en/players/d7553721/Giovani-Lo-Celso
Manor Solomon,Tottenham,/en/players/886f9aac/Manor-Solomon
Bryan Gil,Tottenham,/en/players/7b5ab7f2/Bryan-Gil
Eric Dier,Tottenham,/en/players/ac861941/Eric-Dier
Ivan Perišić,Tottenham,/en/players/6fe90922/Ivan-Perisic
Davinson Sánchez,Tottenham,/en/players/da7b447d/Davinson-Sanchez
Alejo Véliz,Tottenham,/en/players/3f7bafbe/Alejo-Veliz
Radu Drăgușin,Tottenham,/en/players/620922ed/Radu-Dragusin
Jamie Donley,Tottenham,/en/players/5e4d9b48/Jamie-Donley
Dane Scarlett,Tottenham,/en/players/21945a9e/Dane-Scarlett
Brandon Austin,Tottenham,/en/players/5e253986/Brandon-Austin
Alfie Dorrington,Tottenham,/en/players/ac1ef440/Alfie-Dorrington
Fraser Forster,Tottenham,/en/players/c3e39f12/Fraser-Forster
Ashley Phillips,Tottenham,/en/players/4f21d3af/Ashley-Phillips
Yago Santiago,Tottenham,/en/players/88b3215c/Yago-Santiago
Jarrod Bowen,West Ham,/en/players/79c84d1c/Jarrod-Bowen
James Ward-Prowse,West Ham,/en/players/3515d404/James-Ward-Prowse
Emerson Palmieri,West Ham,/en/players/e0bc6fdc/Emerson-Palmieri
Vladimír Coufal,West Ham,/en/players/fdf3cb77/Vladimir-Coufal
Alphonse Areola,West Ham,/en/players/2f965a72/Alphonse-Areola
Tomáš Souček,West Ham,/en/players/6613c819/Tomas-Soucek
Kurt Zouma,West Ham,/en/players/ce4246f5/Kurt-Zouma
Edson Álvarez,West Ham,/en/players/8b3ab7ad/Edson-Alvarez
Lucas Paquetá,West Ham,/en/players/9b6f7fd5/Lucas-Paqueta
Nayef Aguerd,West Ham,/en/players/288e1e13/Nayef-Aguerd
Kudus Mohammed,West Ham,/en/players/b62878a5/Kudus-Mohammed
Michail Antonio,West Ham,/en/players/ac05f970/Michail-Antonio
Konstantinos Mavropanos,West Ham,/en/players/00963611/Konstantinos-Mavropanos
Saïd Benrahma,West Ham,/en/players/5a04fd92/Said-Benrahma
Pablo Fornals,West Ham,/en/players/82927de4/Pablo-Fornals
Ben Johnson,West Ham,/en/players/9319781b/Ben-Johnson
Angelo Ogbonna,West Ham,/en/players/74b2cd7e/Angelo-Ogbonna
Łukasz Fabiański,West Ham,/en/players/9328b835/Lukasz-Fabianski
Danny Ings,West Ham,/en/players/07802f7f/Danny-Ings
Kalvin Phillips,West Ham,/en/players/4f565d77/Kalvin-Phillips
Aaron Cresswell,West Ham,/en/players/4f974391/Aaron-Cresswell
Maxwel Cornet,West Ham,/en/players/beb391dd/Maxwel-Cornet
Divin Mubama,West Ham,/en/players/92868cb5/Divin-Mubama
Thilo Kehrer,West Ham,/en/players/51dbeea9/Thilo-Kehrer
Joseph Anang,West Ham,/en/players/21a866b7/Joseph-Anang
Kaelan Casey,West Ham,/en/players/cd4b2c5f/Kaelan-Casey
Conor Coventry,West Ham,/en/players/a5ca9127/Conor-Coventry
George Earthy,West Ham,/en/players/123d2733/George-Earthy
Levi Laing,West Ham,/en/players/90295964/Levi-Laing
Callum Marshall,West Ham,/en/players/3a27f1bf/Callum-Marshall
Lewis Orford,West Ham,/en/players/40aaa04c/Lewis-Orford
Oliver Scarles,West Ham,/en/players/242e5e6d/Oliver-Scarles
Max Kilman,Wolves,/en/players/d0f72bf1/Max-Kilman
Nélson Semedo,Wolves,/en/players/d04b94db/Nelson-Semedo
Craig Dawson,Wolves,/en/players/3e9e06cb/Craig-Dawson
José Sá,Wolves,/en/players/903b6e8b/Jose-Sa
Mario Lemina,Wolves,/en/players/2b471f99/Mario-Lemina
Matheus Cunha,Wolves,/en/players/dc62b55d/Matheus-Cunha
Toti Gomes,Wolves,/en/players/f0caab96/Toti-Gomes
João Gomes,Wolves,/en/players/8b57ad2c/Joao-Gomes
Rayan Aït Nouri,Wolves,/en/players/9b398aea/Rayan-Ait-Nouri
Hwang Hee-chan,Wolves,/en/players/169fd162/Hwang-Hee-chan
Pedro Neto,Wolves,/en/players/7ba2eaa9/Pedro-Neto
Pablo Sarabia,Wolves,/en/players/9744ff80/Pablo-Sarabia
Jean-Ricner Bellegarde,Wolves,/en/players/10f0fdd3/Jean-Ricner-Bellegarde
Tommy Doyle,Wolves,/en/players/5526deb1/Tommy-Doyle
Hugo Bueno,Wolves,/en/players/bfc3b3a0/Hugo-Bueno
Matt Doherty,Wolves,/en/players/d557d734/Matt-Doherty
Boubacar Traoré,Wolves,/en/players/999ceb5f/Boubacar-Traore
Fábio Silva,Wolves,/en/players/e7aa9d7c/Fabio-Silva
Daniel Bentley,Wolves,/en/players/68db6358/Daniel-Bentley
Santiago Bueno,Wolves,/en/players/edc98fac/Santiago-Bueno
Matheus Nunes,Wolves,/en/players/e6af02e0/Matheus-Nunes
Sasa Kalajdzic,Wolves,/en/players/15f24fe7/Sasa-Kalajdzic
Nathan Fraser,Wolves,/en/players/00b77ecf/Nathan-Fraser
Tawanda Chirewa,Wolves,/en/players/34721c11/Tawanda-Chirewa
Jonny Castro,Wolves,/en/players/e28868f3/Jonny-Castro
Ty Barnett,Wolves,/en/players/c68c6838/Ty-Barnett
Enso Gonzalez,Wolves,/en/players/7e5bebeb/Enso-Gonzalez
Harvey Griffiths,Wolves,/en/players/6e4cb264/Harvey-Griffiths
Owen Hesketh,Wolves,/en/players/3f991cbb/Owen-Hesketh
Joseph Hodge,Wolves,/en/players/bd8a5d95/Joseph-Hodge
Justin Hubner,Wolves,/en/players/f233ed69/Justin-Hubner
Tom King,Wolves,/en/players/5791b997/Tom-King
Noha Lemina,Wolves,/en/players/28401b55/Noha-Lemina
Yerson Mosquera,Wolves,/en/players/1e159d70/Yerson-Mosquera
Wesley Okoduwa,Wolves,/en/players/58469e7c/Wesley-Okoduwa
Matthew Whittingham,Wolves,/en/players/cd84f0e3/Matthew-Whittingham
